Title,Takeaway,Authors,Year,Citations,Abstract,Study Type,Journal,Journal SJR Quartile,DOI,Consensus Link
"Psychological factors and future performance of football players: A systematic review with meta-analysis.","Psychological factors show small effects on future football performance, but due to high risk of bias, their role in player recruitment, retention, and release strategies remains uncertain.","A. Ivarsson, Amanda Kilhage-Persson, R. Martindale, D. Priestley, B. Huijgen, C. Ardern, A. McCall",2019,51,"","meta-analysis","Journal of science and medicine in sport","1","10.1016/j.jsams.2019.10.021","https://consensus.app/papers/psychological-factors-and-future-performance-of-football-ivarsson-kilhage-persson/7ad3cc17cdb45c82b95806888a31d981/"
"Research and application of constructing football training linear programming based on multiple linear regression equation","The technical and tactical ability of individuals and teams is the core competitive ability factor that affects the outcome of football matches, with 10 factor indicators having a significant effect on the result.","YinZhuang Bai, Aizhen Ren, A. Khadidos, M. Khder",2021,3,"Abstract Based on the factors affecting sports performance, from a more comprehensive and broad perspective, after consulting the literature, 52 factors that affect the outcome of football matches are selected, including technology, tactics, physical fitness and referees’ penalties. By watching the video of the game, 52 influencing factors of 200 games and 400 teams were counted. The original data was statistically processed with correlation analysis and multiple linear regression analysis, and the statistics of the 26 European Cup games were substituted into the winning formula. To verify the scientific nature and objectivity of the formula, we aim to ascertain the core factors in the winning factors of a football game and the quantitative relationship between these factors and the result of the game, so as to provide a certain reference for football training, game analysis and scientific research. The technical and tactical ability of individuals and teams is the core competitive ability factor that affects the result of the game; from a single factor, 15 factor indicators have a significant impact on the result of a football match; on the whole, 10 factor indicators have a significant effect on the result of a football match. In addition, there is a certain quantitative relationship between these influencing factors and the results of the game; empirical evidence shows that the football game winning formula has a certain degree of science and objectivity.","","Applied Mathematics and Nonlinear Sciences","3","10.2478/amns.2021.2.00063","https://consensus.app/papers/research-and-application-of-constructing-football-bai-ren/d40e3292c922560b89e1a67644ef10d0/"
"Factors affecting decision-making in Gaelic Football: a focus group approach","Expert Senior Gaelic football players have a more sophisticated understanding of information sources and can integrate them more complexly, while individual differences moderate the decision-making process.","Emma McLoughlin, David P. Broadbent, Noel P. Kinrade, Edward K. Coughlan, D. Bishop",2023,5,"Research examining decision-making in sports has predominantly used experimental approaches that fail to provide a holistic understanding of the various factors that impact the decision-making process. The current study aimed to explore the decision-making processes of Senior (expert) and Academy (near-expert) Gaelic Football players using a focus group approach. Four focus groups were conducted; two with Senior players (= 5;= 6) and two with U17 Academy players (= 5;= 6). In each focus group, short video clips of Senior Gaelic football games were played, and the action was paused at key moments. The group then discussed the options available to the player in possession, the decision they would make in that situation, and importantly, what factors influenced the final decision. Thematic analysis was used to identify themes that emerged from the focus groups. Four primary themes emerged that affected the decision-making process. Three themes were related to information sources, namely, pre-match context (coach tactics and instructions, match importance, and opposition status), current match context (score and time remaining), and visual information (player positioning and field space, and visual search strategy), and the fourth theme related to individual differences (self-efficacy, risk propensity, perceived pressure, physical characteristics, action capabilities, fatigue) that moderated the decision-making process. Compared to the near-expert Academy players, the expert Senior players displayed a more sophisticated understanding of the various sources of information and were able to integrate them in a more complex manner to make projections regarding future scenarios. For both groups, the decision-making process was moderated by individual differences. A schematic has been developed based on the study findings in an attempt to illustrate the hypothesized decision-making process.","non-rct experimental","Frontiers in Psychology","2","10.3389/fpsyg.2023.1142508","https://consensus.app/papers/factors-affecting-decisionmaking-in-gaelic-football-a-mcloughlin-broadbent/a75b2a0cefbf5f829af9b6e664f3aa35/"
"Examining the determinant factor of football technical skills","Better training motivation, physical fitness, and motor skills in football athletes lead to improved skill levels in mastering basic techniques.","P. Nurcahyo, Kusnandar Kusnandar, D. Budi, Arfin Deri Listiandi, Erwin O. Estrella, Mohhamad Ashraf Khan, M. Ghazi, Mazuki Mohd Yasim, M. Shahril",2025,2,"Introduction: Football sport has various factors that affect achievement, including physical condition, technique, tactics and mentality.
This study aims to examine Correlation between training motivation, physical fitness and motor educability with the level of football technical skills in football athletes.
The method utilized a correlational statistical quantitative method. The sample in this study was 14 football athletes. The measurement of Training Motivation was carried out using a questionnaire. Physical fitness using Vo2Max test. Motor educability measurement using motor tests. Measurement of football skills using a football skill test.
Data analyze is operating the SPSS 21 application to examine the normality and linearity of the data. A correlational test is utilized to determine a correlation among the variables.
The results revealed that the training motivation of football athletes displayed a score of 79.09 (good category). Physical fitness results showed an average score of 42.16 (good category). The motor educability results of football athletes display a score of 30.78 (good categories). The results of basic football technical skills scored 8.14 (good category). Conclusions: The better the athletes's training motivation, physical fitness, and motor skills, the better the skill level for mastering basic football techniques.","","Retos","2","10.47197/retos.v63.108206","https://consensus.app/papers/examining-the-determinant-factor-of-football-technical-nurcahyo-kusnandar/6b2042ddde3d55f0aa3cf0840b17d3ef/"
"Psychological determinants of performance in women's football: a systematic review on resilience, anxiety, motivation and cohesion","Coaching strategies that foster a positive motivational climate and incorporate mental skills training can enhance psychological resilience, motivation, and performance outcomes in women's football.","Javier Ventaja-Cruz, J. M. Cuevas Rincón, Virginia Tejada-Medina, Ricardo Martín-Moya",2025,1,"Introduction: Over the past decade, women's football has gained significant visibility, leading to increased attention on the psychological factors that influence players' performance. Mental toughness is identified as a key trait that allows athletes to remain focused and resilient in high-pressure environments.
Objective: This systematic review aims to analyze the psychological determinants of performance in young women's football, focusing on mental toughness, anxiety management, motivation, and team cohesion.
Methodology: This review followed PRISMA guidelines and systematically searched four databases (PubMed, ProQuest, SCOPUS, FECYT) for articles published before October 1, 2024. The PICO framework was applied to define the research question, and data were extracted into an Excel spreadsheet, a total of 11 articles met all the inclusion criteria and were included in the final qualitative synthesis.
Results: anxiety is explored in five studies, highlighting its physiological and psychological effects on performance and its predictors in elite athletes; resilience is examined in three studies, focusing on how young female athletes adapt to adversity to enhance performance and life skills; motivation is the subject of six studies, emphasizing intrinsic and extrinsic factors driving engagement, performance, and social influences in sports; and team cohesion is analyzed in two studies, illustrating its role in fostering better performance perceptions and group dynamics.
Conclusions: Coaching strategies that foster a positive motivational climate and incorporate mental skills training can enhance psychological resilience, motivation, and performance outcomes.","systematic review","Retos","2","10.47197/retos.v64.111614","https://consensus.app/papers/psychological-determinants-of-performance-in-womens-ventaja-cruz-rinc%C3%B3n/9ca24242e4ce56cd9a2f561ac8f170a2/"
"Tactical Situations and Playing Styles as Key Performance Indicators in Soccer","Adopting possession style, counterattacking during offensive transitions, and a balanced aggressive defensive strategy significantly increase a team's chances of victory in soccer matches.","Spyridon Plakias, Themistoklis Tsatalas, Vasileios Armatas, Dimitris Tsaopoulos, Giannis Giakas",2024,18,"The game of soccer is complex and unpredictable, demanding multifaceted strategies for success. Performance analysis has evolved, focusing on key performance indicators (KPIs) to determine the factors that most significantly influence a team's success or failure during matches. Traditional performance analysis methods have emphasized quantifiable data like physical exertion and basic play events but often neglected the subtler tactical dimensions that could significantly impact game outcomes. This study aimed to fill the gap in the current literature by creating a comprehensive framework that incorporates tactical situations as KPIs. The objective was to examine whether specific playing styles adopted by teams in various tactical situations and phases of the game could predict the outcome of matches. A dataset comprising all First Division Championship matches from 11 different European countries for the 2021-2022 season was analyzed. Variables representing tactical situations were correlated with match outcomes using a Generalized Estimating Equation framework. The model was specified with a binomial distribution and a logit link function. Statistical significance was determined using Wald χtests with a significance level set at< 0.05. The study's findings revealed that possession style, counterattacking during offensive transitions, and a balanced aggressive defensive strategy significantly increase a team's chances of victory. It also showed that successful teams tend to focus on central attacks, minimize crossing, and execute strategic plays that lead to final attempts on goal with minimal ball possession. The above findings demonstrate that adopting certain tactical approaches significantly influences soccer match outcomes, highlighting the importance of considering tactical aspects as KPIs.","","Journal of Functional Morphology and Kinesiology","1","10.3390/jfmk9020088","https://consensus.app/papers/tactical-situations-and-playing-styles-as-key-performance-plakias-tsatalas/8ce529199611598abed7cf092ae64bd5/"
"Factors Affecting Physical and Technical Performance in Australian Football","Player factors, such as lower-body strength and power, and aerobic fitness, have the largest impact on physical and technical performance in Australian football.","Chris Wing, Nicolas H. Hart, Fadi Ma’ayah, K. Nosaka",2023,0,"Wing, C, Hart, NH, Ma'ayah, F, and Nosaka, K. Factors affecting physical and technical performance in Australian football. J Strength Cond Res 37(9): 1844-1851, 2023-This study assessed player (i.e., lower-body strength and power and aerobic fitness) and environmental (e.g., venue) factors and their effects on the physical (e.g., distance) and technical (e.g., kicks) demands of Australian football (AF). Relative distance, high-speed running (HSR), and acceleration efforts for 19 matches by 33 players in a West AF League team were analyzed from global positioning system data split into periods of successful offense and defense and maximum ball in play (BiP) periods, as well as technical actions. Lower-body strength and power, and aerobic fitness were evaluated using a one-repetition trap-bar deadlift, countermovement jump, 2-km time trial, and Yo-Yo intermittent fitness test, respectively. In matches played at home, distance (p < 0.001, ES = 0.39) and HSR (p < 0.001, ES = 0.34) were significantly reduced during successful defense. In addition, tackle rate was significantly increased (p = 0.003, ES = 0.16) during successful defense when playing at home. Trap-bar deadlift relative to mass significantly increased relative distance (p = 0.004, ES = 0.51) and HSR (p = 0.029, ES = 0.40) in successful offense. In successful defense, superior time trial performance significantly increased relative distance (p < 0.001, ES = 0.58), HSR (p < 0.001, ES = 0.59), and acceleration efforts (p = 0.017, ES = 0.44), while relative distance (p < 0.001, ES = 0.62) and HSR (p = 0.004, ES = 0.52) were also increased during maximum BiP periods. The results demonstrate that player factors have the largest effect on the physical and technical performance of AF players.","non-rct experimental","Journal of Strength and Conditioning Research","1","10.1519/jsc.0000000000004454","https://consensus.app/papers/factors-affecting-physical-and-technical-performance-in-wing-hart/15673173b38c51728b5e7a49b2a83083/"
"Psychological factors and performance in women’s football: A systematic review","Higher levels of mental toughness, conscientiousness, and executive functions, and lower anxiety levels, are associated with improved performance and perceived competence in women's football.","Susann Dahl Pettersen, F. Adolfsen, M. Martinussen",2021,36,"The amount of research conducted on female football players, compared to male players, is sparce. Even though research on female football players has increased the past decade, there is still a lack of studies of how psychological factors affect their performance. The objective of the current systematic review was therefore to summarize existing quantitative research into the relationship between psychological factors and performance in women's football. Literature was sourced from MEDLINE/PubMed, Embase, and PsychInfo. Two independent reviewers applied the selection criteria and assessed the quality of the studies. A total of 14 studies met the inclusion criteria. The total number of participants was 1449, and 15 psychological factors were examined in relation to football performance. The results revealed a tendency for higher leveled players to score higher on psychological factors like mental toughness, conscientiousness, and executive functions. They also had lower levels of anxiety. Enjoyment and a perceived mastery climate were related to increased levels of performance and perceived competence. Mood was unrelated to performance. Limitations and implications for future research are discussed.","systematic review","Scandinavian Journal of Medicine & Science in Sports","1","10.1111/sms.14043","https://consensus.app/papers/psychological-factors-and-performance-in-women-%E2%80%99-s-pettersen-adolfsen/650e9080f3075ff282c4fa25fde747a8/"
"Optimising Game Tactics for Football","Our novel approach optimizes football tactics, increasing a team's chances of winning by up to 16.1% and 3.4% using Bayesian and stochastic games.","Ryan Beal, G. Chalkiadakis, T. Norman, S. Ramchurn",2020,20,"In this paper we present a novel approach to optimise tactical and strategic decision making in football (soccer). We model the game of football as a multi-stage game which is made up from a Bayesian game to model the pre-match decisions and a stochastic game to model the in-match state transitions and decisions. Using this formulation, we propose a method to predict the probability of game outcomes and the payoffs of team actions. Building upon this, we develop algorithms to optimise team formation and in-game tactics with different objectives. Empirical evaluation of our approach on real-world datasets from 760 matches shows that by using optimised tactics from our Bayesian and stochastic games, we can increase a team chances of winning by up to 16.1% and 3.4% respectively.","","","","10.65109/qarg5564","https://consensus.app/papers/optimising-game-tactics-for-football-beal-chalkiadakis/ad6da365116a5d3487f19d9fe1f95162/"
"Training load and technical performance","There is no clear relationship between team training load indicators and team technical performance in amateur adult football.","Michael Webb",2024,0,"Physical training methods implemented by strength and conditioning coaches within team sport environments are becoming more methodical and advanced with the growth of sport. To better prepare their athletes, it is becoming increasingly important for practitioners to understand how these methods impact technical, tactical, and psychological components of team performance. The aim of this thesis was to identify and understand any patterns between physical and technical performance within the sport of football. A systematic review of current literature highlighted the common game-related statistics analysed in football (soccer) and the training load indicators collected alongside them. The review also identified the most relevant game-related statistics and training load indicators for sport scientists to utilise in football. The review revealed the lack of research on the relationship between physical and technical performance in team sports. The main study of this thesis was an observational study with the focus on the changes in team training load indicators and their influence on amateur adult football team technical performance. The results of this study demonstrated that there was no clear relationship between team training load indicators and team technical performance. It is suggested by the researcher for future investigations to incorporate individualised metrics of physical and technical performance when attempting to understand the relationship between these components. The results of this thesis reinforce the concept of performance in team sport being a complex system, with various influential factors on match outcomes. Further research is needed to understand the influences between training load and technical performance.","systematic review","","","10.34074/thes.6514","https://consensus.app/papers/training-load-and-technical-performance-webb/04d2aaaa1c9550ccac4ba9c4674a1f8b/"
"The impact of Mood on Sports Flow State in football players: a chain mediating model of Psychological Resilience and Achievement Motivation in Competition","Football players' mood negatively impacts Sport Flow State, with Psychological Resilience and Achievement Motivation in Competition playing a chain mediating role in this relationship.","Jiang Li, Xiaofei Pan",2025,2,"To explore the relationship between Mood and Sport Flow State in football players, and to clarify the mediating roles of Psychological Resilience and Achievement Motivation in Competition. Convenience sampling was used to conduct a questionnaire survey on 388 football players. Use Profile of Mood State (POMS), Smooth Experience Scale-2 (SES-2), Connor Davidson Resilience Scale (CD-RISC), and Achievement Motivation Scale (AMS) to evaluate the Mood, Sport Flow State, Psychological Resilience, and Achievement Motivation in Competition of football players. Pearson correlation analysis and mediation analysis were used to investigate the relationship between the four variables of Mood, Sport Flow State, Psychological Resilience, and Achievement Motivation in Competition among football players. Football players' mood has a negative impact on Sport Flow State, Psychological Resilience, and Achievement Motivation In Competition, while Sport Flow State, Psychological Resilience, and Achievement Motivation In Competition have a mutually positive impact. Psychological Resilience has a positive impact on Achievement Motivation in Competition. The mediating effect of Psychological Resilience (POMS → CD-RISC → SES-2) accounts for 26.9% of the total effect (r = -0.014, 95% CI -0.020∼-0.009), Achievement Motivation in Competition (POMS → AMS → SES-2) accounts for 17.3% of the total effect (r = 0.009,95% CI -0.013∼-0.005), and the chain mediating effect of Psychological Resilience and Achievement Motivation in Competition (POMS → CD-RISC → AMS → SES-2) accounts for 32.6% of the total effect (r = -0.017, 95% CI -0.022∼-0.013). Football player Mood has a significant negative impact on Sport Flow State, but its actual predictive ability for Sport Flow State is very small. Psychological Resilience and Achievement Motivation in Competition play a chain mediating role in this relationship.","non-rct observational study","Frontiers in Psychology","2","10.3389/fpsyg.2025.1523400","https://consensus.app/papers/the-impact-of-mood-on-sports-flow-state-in-football-players-a-li-pan/360b1419bb5558b2a867637a1d133319/"
"Decoding On-Field Roles in Football: A Sociological Analysis Using Intelligent MCDM Algorithm With Fuzzy Information for Player Positioning and Technical-Tactical Behavior","The study proposes a new sociological framework based on the multicriteria decision-making (MCDM) algorithm, which effectively analyzes player roles and technical-tactical behavior in football, improving strategic planning and team performance.","Lu Yan, Nannan Wang, Rui Chen",2025,2,"Football is a challenging sport that demands an understanding of on-field roles, the nuances of player positioning, and clear player roles crucial for strategic advantage and achieving optimal team performance. The football strategy involves the careful planning and execution of player roles and actions to outmaneuver opponents and achieve team goals. However, effective strategies in football are challenging due to the unpredictable nature of the game, as it involves factors like real-time decision-making, varying player skills, and the fluid dynamics of play, which add to the game’s complexity. The traditional approaches often fail to capture these nuanced details. So, football strategy demands a decision-making model that considers these details and assists in achieving optimal team performance. This study introduces a new approach to analyzing player roles and technical-tactical behaviour by proposing a sociological framework based on the multicriteria decision-making (MCDM) algorithm. The proposed study defines the complex circular intuitionistic fuzzy Bonferroni mean (Comp-CIFBM) aggregation operator (AO), its properties, and then the decision algorithm which utilizes the proposed operator and accommodates the uncertainty and imprecision inherent in data of sociological and game performance analysis by defining a multi-faceted view of each player’s contribution to team dynamics. Moreover, to demonstrate the reliability of the proposed approach in refining the strategic insights (plans to improve team performance based on analyzing players performances, team dynamics, and opposition strategies) and supporting the decisions for on-field role allocation and tactical planning in football, a comprehensive comparison has been made with the prior approaches that highlight the proposed approach’s efficacy. Overall, the findings highlight the value of a decision-making framework for improving strategic planning, allowing for a more precise and adaptable approach to football management.","","IEEE Access","1","10.1109/access.2025.3540952","https://consensus.app/papers/decoding-onfield-roles-in-football-a-sociological-yan-wang/e8b173ace782582f8a23da63067b39e5/"
"Technical Review of The Role Physical Conditions in Football","Good physical condition is crucial in football, with strength, flexibility, speed, endurance, and anthopometric factors being crucial for playing and competing.","Awang Firmansyah, Reza Aziz Prasetya, Muchamad Arif Al Ardha",2021,9,"Football requires good physical condition in playing and competing. There are four phases in football training, namely physical, technical, tactical and mental. This study discusses the physical conditions required in the sport of football and was analyzed using the review method against references published online, related to physical conditions. In this research, it shows that the physical components in football are very influential in the game. Limited this study does not analyze matches. Research related to physical components has been widely used such as strength, flexibility, speed, endurance and anthopometric conditions, namely arm length, leg length.","literature review","","","10.26740/jossae.v6n1.p87-93","https://consensus.app/papers/technical-review-of-the-role-physical-conditions-in-firmansyah-prasetya/21efb35e07695fed984c1b465364168c/"
"Psychological readiness of football players for the match and its connection with self-esteem and competitive anxiety","Self-esteem and cognitive anxiety significantly predict football players' achievement motivation, goal setting, and coping with adversity in matches.","Adriana Kaplánová",2024,8,"","non-rct observational study","Heliyon","1","10.1016/j.heliyon.2024.e27608","https://consensus.app/papers/psychological-readiness-of-football-players-for-the-match-kapl%C3%A1nov%C3%A1/e98d933ded8f5701ae9a56b293bec9fd/"
"A Markov Framework for Learning and Reasoning About Strategies in Professional Soccer","This Markov model-based framework for soccer can optimize shot decision-making and defensive strategies, aiding teams in match preparations and potentially other sports.","Maaike Van Roy, Pieter Robberechts, Wen-Chi Yang, L. D. Raedt, Jesse Davis",2023,14,"Strategy-optimization is a fundamental element of dynamic and complex team sports such as soccer, American football, and basketball. As the amount of data that is collected from matches in these sports has increased, so has the demand for data-driven decisionmaking support. If alternative strategies need to be balanced, a data-driven approach can uncover insights that are not available from qualitative analysis. This could tremendously aid teams in their match preparations. In this work, we propose a novel Markov modelbased framework for soccer that allows reasoning about the specific strategies teams use in order to gain insights into the efficiency of each strategy. The framework consists of two components: (1) a learning component, which entails modeling a team’s offensive behavior by learning a Markov decision process (MDP) from event data that is collected from the team’s matches, and (2) a reasoning component, which involves a novel application of probabilistic model checking to reason about the efficacy of the learned strategies of each team. In this paper, we provide an overview of this framework and illustrate it on several use cases using real-world event data from three leagues. Our results show that the framework can be used to reason about the shot decision-making of teams and to optimise the defensive strategies used when playing against a particular team. The general ideas presented in this framework can easily be extended to other sports.","","J. Artif. Intell. Res.","1","10.1613/jair.1.13934","https://consensus.app/papers/a-markov-framework-for-learning-and-reasoning-about-roy-robberechts/6d0070d71524513794d923b2d6f2f2c8/"
"Physical Preparation Factors That Influence Technical and Physical Match Performance in Professional Australian Football.","Maximal aerobic running speed (MAS) improves running performance in Australian football players, while muscle soreness and three-week average high-speed running distance have small positive and negative effects on performance.","Samuel Ryan, A. Coutts, J. Hocking, Patrick A Dillon, A. Whitty, T. Kempton",2018,23,"To examine the collective influence of a range of physical preparation elements on selected performance measures during Australian football match play. Prospective and longitudinal. Data were collected from 34 professional Australian football players from the same club during the 2016 Australian Football League competition season. Match activity profiles and acute (7-d) and chronic (3-wk) training loads were collected using global positioning system devices. Training response was measured by well-being questionnaires completed prior to the main training session each week. Maximal aerobic running speed (MAS) was estimated by a 2-km time trial conducted during preseason. Coach ratings were collected from the senior coach and 4 assistants after each match on a 5-point Likert scale. Player ratings were obtained from a commercial statistics provider. Fifteen matches were analyzed. Linear mixed models were constructed to examine the collective influence of training-related factors on 4 performance measures. Muscle soreness had a small positive effect (ES: 0.12) on Champion Data rating points. Three-week average high-speed running distance had a small negative effect (ES: 0.14) on coach ratings. MAS had large to moderate positive effects (ES: 0.55 to 0.47) on relative total and high-speed running distances. Acute total and chronic average total running distance had small positive (ES: 0.13) and negative (ES: 0.14) effects on relative total and high-speed running distance performed during matches, respectively. MAS should be developed to enhance players' running performance during competition. Monitoring of physical preparation data may assist in reducing injury and illness and increasing player availability but not enhance football performance.","non-rct observational study","International journal of sports physiology and performance","1","10.1123/ijspp.2017-0640","https://consensus.app/papers/physical-preparation-factors-that-influence-technical-ryan-coutts/b785f9c66c3f5e0985d68c198c3a07a2/"
"Insights from elite soccer players: understanding the downward spiral and the complex dynamics of crises","Failure to meet team expectations often leads to prolonged crises in soccer teams, affecting individual and team levels, and crisis management training should focus on managing expectations and promoting positive motivation.","D. Jekauc, D. Vrančić, J. Fritsch",2024,5,"This study focused on identifying the factors that lead to prolonged crises in soccer teams and how players view the development of these crises. A qualitative analysis of interviews with six current and three former professional soccer players revealed that the failure to meet team expectations is often the starting point of crises, which can impact both individual and team levels. The issues at the individual level include anxiety, pressure, lack of self-confidence, somatic manifestations, negative body language, loss of motivation, rumination, and self-focus. At the team level, conflicts arise, the team atmosphere deteriorates, which is reflected in impaired communication and lack of cohesion. During soccer matches, on-field behavior frequently evolves into a more defensive mindset and a desire to avoid mistakes and responsibility, resulting in lower team performance. Poor results usually ensue, perpetuating and even intensifying the crisis process which players refer to as a vicious circle, negative spiral, or vortex. Societal factors such as media landscape, coronavirus disease 2019 (COVID-19) pandemic, club structures, or fans, and individual factors such as crisis experiences, players’ resilience, family cohesion, or support from friends affect the development of crises. The study’s insights illustrate the negative impacts of pressure on the team’s emotional state and social interaction, leading to a downward spiral, and thus, reinforcing the crisis process. The study concludes that crisis management training and support should focus on managing expectations, promoting positive affective states, and supporting healthy motivation among team members, and should expand coaches’ crisis competency training.","","German Journal of Exercise and Sport Research","2","10.1007/s12662-024-00968-0","https://consensus.app/papers/insights-from-elite-soccer-players-understanding-the-jekauc-vran%C4%8Di%C4%87/6764be28cae05063bebc481b1f8e11ee/"
"A framework to explain the in-match decision-making of elite Australian football coaches.","Elite Australian football coaches make effective decisions during matches using a six-stage framework, which can help improve research interventions and coach improvement.","Mitchell F Aarons, Will Vickery, L. Bruce, Christopher M. Young, D. Dwyer",2023,5,"","non-rct observational study","Psychology of sport and exercise","1","10.1016/j.psychsport.2023.102439","https://consensus.app/papers/a-framework-to-explain-the-inmatch-decisionmaking-of-elite-aarons-vickery/2a3809683e285d9089ef03905a3fcafc/"
"Comprehensive training for young football players: Technical, physical, and psychological readiness for global competitions","Adapting training programs to individual needs and considering sociocultural context significantly improves technical and tactical indicators in young football players, ensuring their competitiveness in international competitions.","Valerii Kyselov, Anna Sakhnenko, Vita Vorona, Iryna Skrypka, Larysa Yeremenko",2025,0,"This study aimed to identify the main factors influencing the effectiveness of training football players in adolescence to achieve high results at the international level. The study used methods of analysing scientific literature, observing training processes and competitions, and experimental approaches to assessing athletes’ physical and psychological fitness. It included 136 football players: men (n = 92; 67.65%) and women (n = 44; 32.35%). The age range was 14–22 years old and the average age 19.6. The results showed that adapting training programmes to the individual needs of athletes and considering the sociocultural context plays a key role in ensuring their competitiveness in international competitions. The analysis of technical and tactical indicators of young football players before and after the implementation of practical recommendations showed significant improvements: an increase in the number of short and medium passes forward (from 74±23 to 105±24, p<0.05) and backward (from 62±19 to 84±25, p<0.05), which indicates better ball control and pace of the game. The decrease in technical errors confirms the improvement in technical stability, while the number of long passes remained unchanged (p>0.05), probably due to their selective use. The study’s results may be helpful for coaches, sports psychologists, and sports institution managers in developing training programmes for young athletes.","","SPORT TK-Revista EuroAmericana de Ciencias del Deporte","3","10.6018/sportk.662211","https://consensus.app/papers/comprehensive-training-for-young-football-players-kyselov-sakhnenko/cc6ade3b85755ba9a0b6bb00cd69e5cc/"
"Beyond physical ability—predicting women’s football performance from psychological factors","Perceived mastery climate and extraversion are the only significant predictors of women's football match performance, with team climate facilitated by coaches being more important than individual psychological factors.","Susann Dahl Pettersen, M. Martinussen, B. Handegård, L. Rasmussen, Roman A Koposov, F. Adolfsen",2023,6,"Even though there is a clear agreement among researchers that psychological factors are a vital part of a football player's performance, the topic has not been investigated thoroughly. The present study aimed to examine the predictive value of psychological factors on female football players' match performance. A sample of 156 players from the top two leagues in Norway completed the following questionnaires: Perceived Motivational Climate in Sport Questionnaire 2 (PMCSQ-2), Big Five Inventory (BFI-20), Self-Regulated Learning questionnaire, and Grit-S and Sport Mental Toughness Questionnaire (SMTQ). Match performance data were collected from the online database of the performance analysis company InStat. Results from a linear mixed model analysis showed that perceived mastery climate and extraversion were the only significant predictors of performance. Other relevant indicators, such as mental toughness, self-regulated learning, and grit, did not predict performance. These findings suggest that the team climate facilitated by coaches may be more important for predicting match performance than individual psychological factors.","non-rct observational study","Frontiers in Psychology","2","10.3389/fpsyg.2023.1146372","https://consensus.app/papers/beyond-physical-ability%E2%80%94predicting-women-%E2%80%99-s-football-pettersen-martinussen/127dbbf65654595c9e35841d9a7f49a8/"
